{
  "project_info": {
    "project_number": "1007474794734",
    "project_id": "ielts-e0393",
    "storage_bucket": "ielts-e0393.firebasestorage.app"
  },
  "client": [
    {
      "client_info": {
        "mobilesdk_app_id": "1:1007474794734:android:f871dea9425a40502fd3ff",
        "android_client_info": {
          "package_name": "com.ieltsheal.iel"
        }
      },
      "oauth_client": [
        {
          "client_id": "1007474794734-s38d3clljgnk58takrdju9t6pp6kiglk.apps.googleusercontent.com",
          "client_type": 1,
          "android_info": {
            "package_name": "com.ieltsheal.iel",
            "certificate_hash": "c21167da53aef7b948297386f7080ae1ff06cf73"
          }
        },
        {
          "client_id": "1007474794734-atsrmfq8j5v5usjq4n1n2q9k9hee8t6s.apps.googleusercontent.com",
          "client_type": 3
        }
      ],
      "api_key": [
        {
          "current_key": "AIzaSyBm6NY_ziu2_v6ZQWm0QO1yoksgh3Cxh9A"
        }
      ],
      "services": {
        "appinvite_service": {
          "other_platform_oauth_client": [
            {
              "client_id": "1007474794734-atsrmfq8j5v5usjq4n1n2q9k9hee8t6s.apps.googleusercontent.com",
              "client_type": 3
            }
          ]
        }
      }
    }
  ],
  "configuration_version": "1"
}